[
  {
    "title": "[React 작업]",
    "list": [
      {
        "careerName": "분양라인 댓글이벤트 페이지 (개발중)",
        "date": "2026. 01",
        "desc": "API 연동을 통한 실시간 댓글 등록 및 수정 기능 구현",
        "link": "https://kcy9590.mycafe24.com/react/",
        "lev": "100%"
      }
    ]
  },
  {
    "title": "[Vue.js 작업]",
    "list": [
      {
        "careerName": "바노바기의원 피부타입 설문 페이지",
        "date": "2025. 11",
        "desc": "바노바기의원 설문 페이지 vue.js 퍼블리싱 및 개발 작업",
        "link": "https://kcy9590.mycafe24.com/banobagiSkinType",
        "lev": "100%"
      },
      {
        "careerName": "연습용 CRM(Customer Relationship Management / 고객관리시스템)",
        "date": "2025. 11",
        "desc": "vue.js로 제작된 회사 자체 CRM 연습 (보안상 아이디 및 패스워드를 공유할 수 없어 면접 시 보여드리겠습니다.)",
        "link": "http://kcy9590.mycafe24.com/CRMWarmUp/",
        "lev": "50%"
      },
      {
        "careerName": "웅진씽크빅 문해력 결과지",
        "date": "2024. 12 - 2025. 01",
        "desc": "Vue.js를 이용한 데이터 바인딩 개발 작업",
        "link": "https://kcy9590.mycafe24.com/work/literacy/result_daily_m/",
        "lev": "100%"
      }
    ]
  },
  {
    "title": "[이러닝(E-Learning)]",
    "list": [
      {
        "careerName": "천재교육 체육",
        "date": "2024. 12 - 2025. 10",
        "desc": "천재교육 5, 6학년 체육 페이지 수정 개발 및 양산작업",
        "link": "https://chunjae.lhsoft.co.kr/es_art_phy_56_tm/phy5/resource/contents/lesson01/ops/p5_01_00_00_p010_01.html",
        "link2": "https://chunjae.lhsoft.co.kr/es_art_phy_56_tm/phy6/resource/contents/lesson01/ops/p6_01_00_00_p010_01.html",
        "lev": "100%"
      },
      {
        "careerName": "비상교육 영어",
        "date": "2024. 12 - 2025. 10",
        "desc": "비상교육 공통, 고등 영어 페이지 개발 및 양산작업",
        "link": "https://visang.lhsoft.co.kr/HIGH_ENG_1/popupViewer.html#01_01_01_008",
        "link2": "https://visang.lhsoft.co.kr/HIGH_ENG1/popupViewer.html#01_01_01_008",
        "lev": "100%"
      },
       {
        "careerName": "천재교육 국어",
        "date": "2023. 12 - 2024. 08",
        "desc": "천재교육 초등 국어 페이지 개발 및 양산작업",
        "link": "https://cdata2.tsherpa.co.kr/tsherpa//multimedia/Flash/2024/curri/index.html?flashxmlnum=&classno=E-curri01-ko-A_2024/11/kor_0101_00_0102/kor_0101_00_0102_101.html&id=1990065&classa=1",
         "lev": "100%"
      },
      {
        "careerName": "천재교육 미술",
        "date": "2023. 12 - 2024. 08",
        "desc": "천재교육 초등 미술 페이지 개발 작업",
        "link": "https://kcy9590.mycafe24.com/work/art/3_17/",
        "link2": "https://kcy9590.mycafe24.com/work/art/3_21/",
        "link3": "https://kcy9590.mycafe24.com/work/art/3_31/",
        "link4": "https://kcy9590.mycafe24.com/work/art/3_57/",
        "link5": "https://kcy9590.mycafe24.com/work/art/4_48/",
        "link6": "https://kcy9590.mycafe24.com/work/art/4_56/",
         "lev": "100%"
      },
      {
        "careerName": "웅진씽크빅 단원요점정리 [모바일 전용]",
        "date": "2025. 01 - 2025. 10",
        "desc": "웅진씽크빅 초등 4과목 드래그형식 페이지 개발 및 양산작업 ",
        "link": "https://wjtb.lhsoft.co.kr/es_smartall_34_revision22_smig/GR14/1/1/unit_point_korn_4-1-1.html",
        "link2": "https://wjtb.lhsoft.co.kr/es_smartall_34_revision22_smig/GR14/1/2/unit_point_math_4-1-1.html",
        "link3": "https://wjtb.lhsoft.co.kr/es_smartall_34_revision22_smig/GR14/1/3/unit_point_sosi_4-1-1.html",
        "link4": "https://wjtb.lhsoft.co.kr/es_smartall_34_revision22_smig/GR14/1/4/unit_point_scne_4-1-1.html",
        "lev": "100%"
      },
      {
        "careerName": "웅진씽크빅 문해력(중급)",
        "date": "2024. 12 - 2025. 01",
        "desc": "웅진씽크빅 초등 국어 문해력 페이지 개발 및 양산작업 (용량이 커 1,5차시만 업로드)",
        "link": "https://kcy9590.mycafe24.com/work/literacy/?fileName=200011100001",
        "lev": "50%"
      },
      {
        "careerName": "웅진씽크빅 문해력 결과지",
        "date": "2024. 12 - 2025. 01",
        "desc": "웅진씽크빅 문해력 결과지 개발 작업(jQuery)",
        "link": "https://kcy9590.mycafe24.com/work/literacy/result_daily/",
        "lev": "100%"
      },
      {
        "careerName": "웅진씽크빅 워드카드(word Card)",
        "date": "2024. 04 - 2024. 08",
        "desc": "웅진씽크빅 초등 영어 워드카드 페이지 개발 및 양산작업",
        "link": "https://kcy9590.mycafe24.com/work/wordCard/level/chasi/wordcards_level2_01/wordcards_level2_01_popo%20is%20fishing.html",
        "link2": "https://kcy9590.mycafe24.com/work/wordCard/level/chasi/wordcards_level3_01/wordcards_level3_01_tito%20and%20dona.html",
        "link3": "https://kcy9590.mycafe24.com/work/wordCard/level/chasi/wordcards_level4_01/wordcards_level4_01_the%20tortoise%20and%20the%20hare.html",
        "lev": "100%"
      },
      {
        "careerName": "미래엔 함께수학",
        "date": "2024. 12",
        "desc": "미래엔 초등 수학 페이지 개발 작업",
        "link": "https://kcy9590.mycafe24.com/work/math/A-EM32-01-0009-0401/",
        "link2": "https://kcy9590.mycafe24.com/work/math/A-EM41-01-0009-0401/",
        "lev": "100%"
      }
    ]
  },
  {
    "title": "[웹사이트]",
    "list": [
      {
        "careerName": "밴스모자이너의원",
        "date": "2025. 11",
        "desc": "밴스모자이너의원 페이지 리뉴얼 퍼블리싱",
        "link": "https://kcy9590.mycafe24.com/vands/",
        "lev": "100%"
      },
      {
        "careerName": "THE 미희",
        "date": "2025. 02",
        "desc": "미희의원 웹사이트 퍼블리싱",
        "link": "http://test.softm.co.kr/mihee/",
        "lev": "100%"
      },
      {
        "careerName": "라디쥬",
        "date": "2024.07",
        "desc": "라디쥬의원 웹사이트 퍼블리싱",
        "link": "http://test.softm.co.kr/radiju/",
        "lev": "100%"
      },
      {
        "careerName": "알에프바이오",
        "date": "2023. 12",
        "desc": "알에프바이오 기업 웹사이트 퍼블리싱",
        "link": "https://www.rfbio.co.kr/",
        "lev": "100%"
      },
      {
        "careerName": "리치닥",
        "date": "2023. 07",
        "desc": "리치닥 기업 웹사이트 퍼블리싱",
        "link": "https://www.richdoc.co.kr/web/sub/domesticMarketing",
        "lev": "50%"
      },
      {
        "careerName": "고운몸",
        "date": "2022. 11 - 2022. 12",
        "desc": "고운몸의원 웹사이트 퍼블리싱",
        "link": "https://www.gowoonmom.co.kr/",
        "lev": "50%"
      },
      {
        "careerName": "유스필",
        "date": "2022. 09",
        "desc": "유스필 랜딩페이지 퍼블리싱",
        "link": "https://www.youthfill.co.kr/",
        "lev": "100%"
      }
    ]
  }
]
