[
  {"skillNum" : "01", "skillName": "HTML / CSS",
  "icon":"img/icon1.png",
   "well" : "웹페이지의 구조와 디자인을 구현하는 기본 언어로, 반응형 및 접근성을 고려한 마크업을 작성할 수 있습니다." },
  {"skillNum" : "02", "skillName": "jQuery / JavaScript",
   "icon":"img/icon2.jpg",
   "well" : "웹페이지에 다양한 인터랙션을 적용할 수 있으며, DOM 제어나 애니메이션 효과를 구현할 수 있습니다." },
  {"skillNum" : "03", "skillName": "Vue.js",
   "icon":"img/icon3.png",
   "well" : "Vue.js의 템플릿 문법과 옵션 API 구조를 익혔으며, props와 data를 이용해 기본적인 UI를 구현할 수 있습니다." },
  {"skillNum" : "04", "skillName": "React.js",
   "icon":"img/icon4.png",
   "well" : "React.js의 문법과 구조를 학습했으며, 간단한 UI를 구성하거나 props, state 등 기본 개념을 활용할 수 있습니다." },
  {"skillNum" : "05", "skillName": "Figma / Illustrator / Photoshop",
   "icon":"img/icon5.png",
   "well" : "디자인 툴의 기능을 이해하고 있으며, 필요 시 간단한 레이아웃 수정과 아이콘 조정 등의 작업을 수행할 수 있습니다." },
  {"skillNum" : "06", "skillName": "Notion / GitHub",
   "icon":"img/icon6.png",
   "well" : "Notion에서 일정 및 작업 흐름을 관리하고, GitHub를 통해 프로젝트 관리가 가능합니다." }
]